{"cameraMode":{"drawMode":0,"name":"Shaded","section":"Shading Mode"},"sceneLighting":true,"audioPlay":false,"sceneViewState":{"showFog":true,"showMaterialUpdate":true,"showSkybox":true,"showFlares":true,"showImageEffects":true,"showParticleSystems":true},"in2DMode":false,"pivot":{"x":6.2155561447143559,"y":-7.095791816711426,"z":1290.864013671875},"rotation":{"x":-0.004502225201576948,"y":-0.009590540081262589,"z":0.00004279634231352247,"w":-0.9999439120292664},"size":1335.1873779296875,"orthographic":false}