{"cameraMode":{"drawMode":0,"name":"Shaded","section":"Shading Mode"},"sceneLighting":false,"audioPlay":false,"sceneViewState":{"showFog":true,"showMaterialUpdate":false,"showSkybox":true,"showFlares":true,"showImageEffects":true,"showParticleSystems":true},"in2DMode":false,"pivot":{"x":-10.752107620239258,"y":11.65248966217041,"z":-3.8041152954101564},"rotation":{"x":0.003300494747236371,"y":0.9958917498588562,"z":-0.08084416389465332,"w":0.040657512843608859},"size":67.7522964477539,"orthographic":false}